user_id,user_name
1,USER_NAME_1
2,USER_NAME_2
3,USER_NAME_3
4,USER_NAME_4
5,USER_NAME_5
6,USER_NAME_6
7,USER_NAME_7
8,USER_NAME_8
9,USER_NAME_9
10,USER_NAME_10
11,USER_NAME_11
12,USER_NAME_12
13,USER_NAME_13
14,USER_NAME_14
15,USER_NAME_15
16,USER_NAME_16
17,USER_NAME_17
18,USER_NAME_18
19,USER_NAME_19
20,USER_NAME_20
21,USER_NAME_21
22,USER_NAME_22
23,USER_NAME_23
24,USER_NAME_24
25,USER_NAME_25
26,USER_NAME_26
27,USER_NAME_27
28,USER_NAME_28
29,USER_NAME_29
30,USER_NAME_30
31,USER_NAME_31
32,USER_NAME_32
33,USER_NAME_33
34,USER_NAME_34
35,USER_NAME_35
36,USER_NAME_36
37,USER_NAME_37
38,USER_NAME_38
39,USER_NAME_39
40,USER_NAME_40
41,USER_NAME_41
42,USER_NAME_42
43,USER_NAME_43
44,USER_NAME_44
45,USER_NAME_45
46,USER_NAME_46
47,USER_NAME_47
48,USER_NAME_48
49,USER_NAME_49
50,USER_NAME_50
51,USER_NAME_51
52,USER_NAME_52
53,USER_NAME_53
54,USER_NAME_54
55,USER_NAME_55
56,USER_NAME_56
57,USER_NAME_57
58,USER_NAME_58
59,USER_NAME_59
60,USER_NAME_60
61,USER_NAME_61
62,USER_NAME_62
63,USER_NAME_63
64,USER_NAME_64
65,USER_NAME_65
66,USER_NAME_66
67,USER_NAME_67
68,USER_NAME_68
69,USER_NAME_69
70,USER_NAME_70
71,USER_NAME_71
72,USER_NAME_72
73,USER_NAME_73
74,USER_NAME_74
75,USER_NAME_75
76,USER_NAME_76
77,USER_NAME_77
78,USER_NAME_78
79,USER_NAME_79
80,USER_NAME_80
81,USER_NAME_81
82,USER_NAME_82
83,USER_NAME_83
84,USER_NAME_84
85,USER_NAME_85
86,USER_NAME_86
87,USER_NAME_87
88,USER_NAME_88
89,USER_NAME_89
90,USER_NAME_90
91,USER_NAME_91
92,USER_NAME_92
93,USER_NAME_93
94,USER_NAME_94
95,USER_NAME_95
96,USER_NAME_96
97,USER_NAME_97
98,USER_NAME_98
99,USER_NAME_99
100,USER_NAME_100
101,USER_NAME_101
102,USER_NAME_102
103,USER_NAME_103
104,USER_NAME_104
105,USER_NAME_105
106,USER_NAME_106
107,USER_NAME_107
108,USER_NAME_108
109,USER_NAME_109
110,USER_NAME_110
111,USER_NAME_111
112,USER_NAME_112
113,USER_NAME_113
114,USER_NAME_114
115,USER_NAME_115
116,USER_NAME_116
117,USER_NAME_117
118,USER_NAME_118
119,USER_NAME_119
120,USER_NAME_120
121,USER_NAME_121
122,USER_NAME_122
123,USER_NAME_123
124,USER_NAME_124
125,USER_NAME_125
126,USER_NAME_126
127,USER_NAME_127
128,USER_NAME_128
129,USER_NAME_129
130,USER_NAME_130
131,USER_NAME_131
132,USER_NAME_132
133,USER_NAME_133
134,USER_NAME_134
135,USER_NAME_135
136,USER_NAME_136
137,USER_NAME_137
138,USER_NAME_138
139,USER_NAME_139
140,USER_NAME_140
141,USER_NAME_141
142,USER_NAME_142
143,USER_NAME_143
144,USER_NAME_144
145,USER_NAME_145
146,USER_NAME_146
147,USER_NAME_147
148,USER_NAME_148
149,USER_NAME_149
150,USER_NAME_150
151,USER_NAME_151
152,USER_NAME_152
153,USER_NAME_153
154,USER_NAME_154
155,USER_NAME_155
156,USER_NAME_156
157,USER_NAME_157
158,USER_NAME_158
159,USER_NAME_159
160,USER_NAME_160
161,USER_NAME_161
162,USER_NAME_162
163,USER_NAME_163
164,USER_NAME_164
165,USER_NAME_165
166,USER_NAME_166
167,USER_NAME_167
168,USER_NAME_168
169,USER_NAME_169
170,USER_NAME_170
171,USER_NAME_171
172,USER_NAME_172
173,USER_NAME_173
174,USER_NAME_174
175,USER_NAME_175
176,USER_NAME_176
177,USER_NAME_177
178,USER_NAME_178
179,USER_NAME_179
180,USER_NAME_180
181,USER_NAME_181
182,USER_NAME_182
183,USER_NAME_183
184,USER_NAME_184
185,USER_NAME_185
186,USER_NAME_186
187,USER_NAME_187
188,USER_NAME_188
189,USER_NAME_189
190,USER_NAME_190
191,USER_NAME_191
192,USER_NAME_192
193,USER_NAME_193
194,USER_NAME_194
195,USER_NAME_195
196,USER_NAME_196
197,USER_NAME_197
198,USER_NAME_198
199,USER_NAME_199
200,USER_NAME_200
201,USER_NAME_201
202,USER_NAME_202
203,USER_NAME_203
204,USER_NAME_204
205,USER_NAME_205
206,USER_NAME_206
207,USER_NAME_207
208,USER_NAME_208
209,USER_NAME_209
210,USER_NAME_210
211,USER_NAME_211
212,USER_NAME_212
213,USER_NAME_213
214,USER_NAME_214
215,USER_NAME_215
216,USER_NAME_216
217,USER_NAME_217
218,USER_NAME_218
219,USER_NAME_219
220,USER_NAME_220
221,USER_NAME_221
222,USER_NAME_222
223,USER_NAME_223
224,USER_NAME_224
225,USER_NAME_225
226,USER_NAME_226
227,USER_NAME_227
228,USER_NAME_228
229,USER_NAME_229
230,USER_NAME_230
231,USER_NAME_231
232,USER_NAME_232
233,USER_NAME_233
234,USER_NAME_234
235,USER_NAME_235
236,USER_NAME_236
237,USER_NAME_237
238,USER_NAME_238
239,USER_NAME_239
240,USER_NAME_240
241,USER_NAME_241
242,USER_NAME_242
243,USER_NAME_243
244,USER_NAME_244
245,USER_NAME_245
246,USER_NAME_246
247,USER_NAME_247
248,USER_NAME_248
249,USER_NAME_249
250,USER_NAME_250
251,USER_NAME_251
252,USER_NAME_252
253,USER_NAME_253
254,USER_NAME_254
255,USER_NAME_255
256,USER_NAME_256
257,USER_NAME_257
258,USER_NAME_258
259,USER_NAME_259
260,USER_NAME_260
261,USER_NAME_261
262,USER_NAME_262
263,USER_NAME_263
264,USER_NAME_264
265,USER_NAME_265
266,USER_NAME_266
267,USER_NAME_267
268,USER_NAME_268
269,USER_NAME_269
270,USER_NAME_270
271,USER_NAME_271
272,USER_NAME_272
273,USER_NAME_273
274,USER_NAME_274
275,USER_NAME_275
276,USER_NAME_276
277,USER_NAME_277
278,USER_NAME_278
279,USER_NAME_279
280,USER_NAME_280
281,USER_NAME_281
282,USER_NAME_282
283,USER_NAME_283
284,USER_NAME_284
285,USER_NAME_285
286,USER_NAME_286
287,USER_NAME_287
288,USER_NAME_288
289,USER_NAME_289
290,USER_NAME_290
291,USER_NAME_291
292,USER_NAME_292
293,USER_NAME_293
294,USER_NAME_294
295,USER_NAME_295
296,USER_NAME_296
297,USER_NAME_297
298,USER_NAME_298
299,USER_NAME_299
300,USER_NAME_300
301,USER_NAME_301
302,USER_NAME_302
303,USER_NAME_303
304,USER_NAME_304
305,USER_NAME_305
306,USER_NAME_306
307,USER_NAME_307
308,USER_NAME_308
309,USER_NAME_309
310,USER_NAME_310
311,USER_NAME_311
312,USER_NAME_312
313,USER_NAME_313
314,USER_NAME_314
315,USER_NAME_315
316,USER_NAME_316
317,USER_NAME_317
318,USER_NAME_318
319,USER_NAME_319
320,USER_NAME_320
321,USER_NAME_321
322,USER_NAME_322
323,USER_NAME_323
324,USER_NAME_324
325,USER_NAME_325
326,USER_NAME_326
327,USER_NAME_327
328,USER_NAME_328
329,USER_NAME_329
330,USER_NAME_330
331,USER_NAME_331
332,USER_NAME_332
333,USER_NAME_333
334,USER_NAME_334
335,USER_NAME_335
336,USER_NAME_336
337,USER_NAME_337
338,USER_NAME_338
339,USER_NAME_339
340,USER_NAME_340
341,USER_NAME_341
342,USER_NAME_342
343,USER_NAME_343
344,USER_NAME_344
345,USER_NAME_345
346,USER_NAME_346
347,USER_NAME_347
348,USER_NAME_348
349,USER_NAME_349
350,USER_NAME_350
351,USER_NAME_351
352,USER_NAME_352
353,USER_NAME_353
354,USER_NAME_354
355,USER_NAME_355
356,USER_NAME_356
357,USER_NAME_357
358,USER_NAME_358
359,USER_NAME_359
360,USER_NAME_360
361,USER_NAME_361
362,USER_NAME_362
363,USER_NAME_363
364,USER_NAME_364
365,USER_NAME_365
366,USER_NAME_366
367,USER_NAME_367
368,USER_NAME_368
369,USER_NAME_369
370,USER_NAME_370
371,USER_NAME_371
372,USER_NAME_372
373,USER_NAME_373
374,USER_NAME_374
375,USER_NAME_375
376,USER_NAME_376
377,USER_NAME_377
378,USER_NAME_378
379,USER_NAME_379
380,USER_NAME_380
381,USER_NAME_381
382,USER_NAME_382
383,USER_NAME_383
384,USER_NAME_384
385,USER_NAME_385
386,USER_NAME_386
387,USER_NAME_387
388,USER_NAME_388
389,USER_NAME_389
390,USER_NAME_390
391,USER_NAME_391
392,USER_NAME_392
393,USER_NAME_393
394,USER_NAME_394
395,USER_NAME_395
396,USER_NAME_396
397,USER_NAME_397
398,USER_NAME_398
399,USER_NAME_399
400,USER_NAME_400
401,USER_NAME_401
402,USER_NAME_402
403,USER_NAME_403
404,USER_NAME_404
405,USER_NAME_405
406,USER_NAME_406
407,USER_NAME_407
408,USER_NAME_408
409,USER_NAME_409
410,USER_NAME_410
411,USER_NAME_411
412,USER_NAME_412
413,USER_NAME_413
414,USER_NAME_414
415,USER_NAME_415
416,USER_NAME_416
417,USER_NAME_417
418,USER_NAME_418
419,USER_NAME_419
420,USER_NAME_420
421,USER_NAME_421
422,USER_NAME_422
423,USER_NAME_423
424,USER_NAME_424
425,USER_NAME_425
426,USER_NAME_426
427,USER_NAME_427
428,USER_NAME_428
429,USER_NAME_429
430,USER_NAME_430
431,USER_NAME_431
432,USER_NAME_432
433,USER_NAME_433
434,USER_NAME_434
435,USER_NAME_435
436,USER_NAME_436
437,USER_NAME_437
438,USER_NAME_438
439,USER_NAME_439
440,USER_NAME_440
441,USER_NAME_441
442,USER_NAME_442
443,USER_NAME_443
444,USER_NAME_444
445,USER_NAME_445
446,USER_NAME_446
447,USER_NAME_447
448,USER_NAME_448
449,USER_NAME_449
450,USER_NAME_450
451,USER_NAME_451
452,USER_NAME_452
453,USER_NAME_453
454,USER_NAME_454
455,USER_NAME_455
456,USER_NAME_456
457,USER_NAME_457
458,USER_NAME_458
459,USER_NAME_459
460,USER_NAME_460
461,USER_NAME_461
462,USER_NAME_462
463,USER_NAME_463
464,USER_NAME_464
465,USER_NAME_465
466,USER_NAME_466
467,USER_NAME_467
468,USER_NAME_468
469,USER_NAME_469
470,USER_NAME_470
471,USER_NAME_471
472,USER_NAME_472
473,USER_NAME_473
474,USER_NAME_474
475,USER_NAME_475
476,USER_NAME_476
477,USER_NAME_477
478,USER_NAME_478
479,USER_NAME_479
480,USER_NAME_480
481,USER_NAME_481
482,USER_NAME_482
483,USER_NAME_483
484,USER_NAME_484
485,USER_NAME_485
486,USER_NAME_486
487,USER_NAME_487
488,USER_NAME_488
489,USER_NAME_489
490,USER_NAME_490
491,USER_NAME_491
492,USER_NAME_492
493,USER_NAME_493
494,USER_NAME_494
495,USER_NAME_495
496,USER_NAME_496
497,USER_NAME_497
498,USER_NAME_498
499,USER_NAME_499
500,USER_NAME_500
501,USER_NAME_501
502,USER_NAME_502
503,USER_NAME_503
504,USER_NAME_504
505,USER_NAME_505
506,USER_NAME_506
507,USER_NAME_507
508,USER_NAME_508
509,USER_NAME_509
510,USER_NAME_510
511,USER_NAME_511
512,USER_NAME_512
513,USER_NAME_513
514,USER_NAME_514
515,USER_NAME_515
516,USER_NAME_516
517,USER_NAME_517
518,USER_NAME_518
519,USER_NAME_519
520,USER_NAME_520
521,USER_NAME_521
522,USER_NAME_522
523,USER_NAME_523
524,USER_NAME_524
525,USER_NAME_525
526,USER_NAME_526
527,USER_NAME_527
528,USER_NAME_528
529,USER_NAME_529
530,USER_NAME_530
531,USER_NAME_531
532,USER_NAME_532
533,USER_NAME_533
534,USER_NAME_534
535,USER_NAME_535
536,USER_NAME_536
537,USER_NAME_537
538,USER_NAME_538
539,USER_NAME_539
540,USER_NAME_540
541,USER_NAME_541
542,USER_NAME_542
543,USER_NAME_543
544,USER_NAME_544
545,USER_NAME_545
546,USER_NAME_546
547,USER_NAME_547
548,USER_NAME_548
549,USER_NAME_549
550,USER_NAME_550
551,USER_NAME_551
552,USER_NAME_552
553,USER_NAME_553
554,USER_NAME_554
555,USER_NAME_555
556,USER_NAME_556
557,USER_NAME_557
558,USER_NAME_558
559,USER_NAME_559
560,USER_NAME_560
561,USER_NAME_561
562,USER_NAME_562
563,USER_NAME_563
564,USER_NAME_564
565,USER_NAME_565
566,USER_NAME_566
567,USER_NAME_567
568,USER_NAME_568
569,USER_NAME_569
570,USER_NAME_570
571,USER_NAME_571
572,USER_NAME_572
573,USER_NAME_573
574,USER_NAME_574
575,USER_NAME_575
576,USER_NAME_576
577,USER_NAME_577
578,USER_NAME_578
579,USER_NAME_579
580,USER_NAME_580
581,USER_NAME_581
582,USER_NAME_582
583,USER_NAME_583
584,USER_NAME_584
585,USER_NAME_585
586,USER_NAME_586
587,USER_NAME_587
588,USER_NAME_588
589,USER_NAME_589
590,USER_NAME_590
591,USER_NAME_591
592,USER_NAME_592
593,USER_NAME_593
594,USER_NAME_594
595,USER_NAME_595
596,USER_NAME_596
597,USER_NAME_597
598,USER_NAME_598
599,USER_NAME_599
600,USER_NAME_600
601,USER_NAME_601
602,USER_NAME_602
603,USER_NAME_603
604,USER_NAME_604
605,USER_NAME_605
606,USER_NAME_606
607,USER_NAME_607
608,USER_NAME_608
609,USER_NAME_609
610,USER_NAME_610
611,USER_NAME_611
612,USER_NAME_612
613,USER_NAME_613
614,USER_NAME_614
615,USER_NAME_615
616,USER_NAME_616
617,USER_NAME_617
618,USER_NAME_618
619,USER_NAME_619
620,USER_NAME_620
621,USER_NAME_621
622,USER_NAME_622
623,USER_NAME_623
624,USER_NAME_624
625,USER_NAME_625
626,USER_NAME_626
627,USER_NAME_627
628,USER_NAME_628
629,USER_NAME_629
630,USER_NAME_630
631,USER_NAME_631
632,USER_NAME_632
633,USER_NAME_633
634,USER_NAME_634
635,USER_NAME_635
636,USER_NAME_636
637,USER_NAME_637
638,USER_NAME_638
639,USER_NAME_639
640,USER_NAME_640
641,USER_NAME_641
642,USER_NAME_642
643,USER_NAME_643
644,USER_NAME_644
645,USER_NAME_645
646,USER_NAME_646
647,USER_NAME_647
648,USER_NAME_648
649,USER_NAME_649
650,USER_NAME_650
651,USER_NAME_651
652,USER_NAME_652
653,USER_NAME_653
654,USER_NAME_654
655,USER_NAME_655
656,USER_NAME_656
657,USER_NAME_657
658,USER_NAME_658
659,USER_NAME_659
660,USER_NAME_660
661,USER_NAME_661
662,USER_NAME_662
663,USER_NAME_663
664,USER_NAME_664
665,USER_NAME_665
666,USER_NAME_666
667,USER_NAME_667
668,USER_NAME_668
669,USER_NAME_669
670,USER_NAME_670
671,USER_NAME_671
672,USER_NAME_672
673,USER_NAME_673
674,USER_NAME_674
675,USER_NAME_675
676,USER_NAME_676
677,USER_NAME_677
678,USER_NAME_678
679,USER_NAME_679
680,USER_NAME_680
681,USER_NAME_681
682,USER_NAME_682
683,USER_NAME_683
684,USER_NAME_684
685,USER_NAME_685
686,USER_NAME_686
687,USER_NAME_687
688,USER_NAME_688
689,USER_NAME_689
690,USER_NAME_690
691,USER_NAME_691
692,USER_NAME_692
693,USER_NAME_693
694,USER_NAME_694
695,USER_NAME_695
696,USER_NAME_696
697,USER_NAME_697
698,USER_NAME_698
699,USER_NAME_699
700,USER_NAME_700
701,USER_NAME_701
702,USER_NAME_702
703,USER_NAME_703
704,USER_NAME_704
705,USER_NAME_705
706,USER_NAME_706
707,USER_NAME_707
708,USER_NAME_708
709,USER_NAME_709
710,USER_NAME_710
711,USER_NAME_711
712,USER_NAME_712
713,USER_NAME_713
714,USER_NAME_714
715,USER_NAME_715
716,USER_NAME_716
717,USER_NAME_717
718,USER_NAME_718
719,USER_NAME_719
720,USER_NAME_720
721,USER_NAME_721
722,USER_NAME_722
723,USER_NAME_723
724,USER_NAME_724
725,USER_NAME_725
726,USER_NAME_726
727,USER_NAME_727
728,USER_NAME_728
729,USER_NAME_729
730,USER_NAME_730
731,USER_NAME_731
732,USER_NAME_732
733,USER_NAME_733
734,USER_NAME_734
735,USER_NAME_735
736,USER_NAME_736
737,USER_NAME_737
738,USER_NAME_738
739,USER_NAME_739
740,USER_NAME_740
741,USER_NAME_741
742,USER_NAME_742
743,USER_NAME_743
744,USER_NAME_744
745,USER_NAME_745
746,USER_NAME_746
747,USER_NAME_747
748,USER_NAME_748
749,USER_NAME_749
750,USER_NAME_750
751,USER_NAME_751
752,USER_NAME_752
753,USER_NAME_753
754,USER_NAME_754
755,USER_NAME_755
756,USER_NAME_756
757,USER_NAME_757
758,USER_NAME_758
759,USER_NAME_759
760,USER_NAME_760
761,USER_NAME_761
762,USER_NAME_762
763,USER_NAME_763
764,USER_NAME_764
765,USER_NAME_765
766,USER_NAME_766
767,USER_NAME_767
768,USER_NAME_768
769,USER_NAME_769
770,USER_NAME_770
771,USER_NAME_771
772,USER_NAME_772
773,USER_NAME_773
774,USER_NAME_774
775,USER_NAME_775
776,USER_NAME_776
777,USER_NAME_777
778,USER_NAME_778
779,USER_NAME_779
780,USER_NAME_780
781,USER_NAME_781
782,USER_NAME_782
783,USER_NAME_783
784,USER_NAME_784
785,USER_NAME_785
786,USER_NAME_786
787,USER_NAME_787
788,USER_NAME_788
789,USER_NAME_789
790,USER_NAME_790
791,USER_NAME_791
792,USER_NAME_792
793,USER_NAME_793
794,USER_NAME_794
795,USER_NAME_795
796,USER_NAME_796
797,USER_NAME_797
798,USER_NAME_798
799,USER_NAME_799
800,USER_NAME_800
801,USER_NAME_801
802,USER_NAME_802
803,USER_NAME_803
804,USER_NAME_804
805,USER_NAME_805
806,USER_NAME_806
807,USER_NAME_807
808,USER_NAME_808
809,USER_NAME_809
810,USER_NAME_810
811,USER_NAME_811
812,USER_NAME_812
813,USER_NAME_813
814,USER_NAME_814
815,USER_NAME_815
816,USER_NAME_816
817,USER_NAME_817
818,USER_NAME_818
819,USER_NAME_819
820,USER_NAME_820
821,USER_NAME_821
822,USER_NAME_822
823,USER_NAME_823
824,USER_NAME_824
825,USER_NAME_825
826,USER_NAME_826
827,USER_NAME_827
828,USER_NAME_828
829,USER_NAME_829
830,USER_NAME_830
831,USER_NAME_831
832,USER_NAME_832
833,USER_NAME_833
834,USER_NAME_834
835,USER_NAME_835
836,USER_NAME_836
837,USER_NAME_837
838,USER_NAME_838
839,USER_NAME_839
840,USER_NAME_840
841,USER_NAME_841
842,USER_NAME_842
843,USER_NAME_843
844,USER_NAME_844
845,USER_NAME_845
846,USER_NAME_846
847,USER_NAME_847
848,USER_NAME_848
849,USER_NAME_849
850,USER_NAME_850
851,USER_NAME_851
852,USER_NAME_852
853,USER_NAME_853
854,USER_NAME_854
855,USER_NAME_855
856,USER_NAME_856
857,USER_NAME_857
858,USER_NAME_858
859,USER_NAME_859
860,USER_NAME_860
861,USER_NAME_861
862,USER_NAME_862
863,USER_NAME_863
864,USER_NAME_864
865,USER_NAME_865
866,USER_NAME_866
867,USER_NAME_867
868,USER_NAME_868
869,USER_NAME_869
870,USER_NAME_870
871,USER_NAME_871
872,USER_NAME_872
873,USER_NAME_873
874,USER_NAME_874
875,USER_NAME_875
876,USER_NAME_876
877,USER_NAME_877
878,USER_NAME_878
879,USER_NAME_879
880,USER_NAME_880
881,USER_NAME_881
882,USER_NAME_882
883,USER_NAME_883
884,USER_NAME_884
885,USER_NAME_885
886,USER_NAME_886
887,USER_NAME_887
888,USER_NAME_888
889,USER_NAME_889
890,USER_NAME_890
891,USER_NAME_891
892,USER_NAME_892
893,USER_NAME_893
894,USER_NAME_894
895,USER_NAME_895
896,USER_NAME_896
897,USER_NAME_897
898,USER_NAME_898
899,USER_NAME_899
900,USER_NAME_900
901,USER_NAME_901
902,USER_NAME_902
903,USER_NAME_903
904,USER_NAME_904
905,USER_NAME_905
906,USER_NAME_906
907,USER_NAME_907
908,USER_NAME_908
909,USER_NAME_909
910,USER_NAME_910
911,USER_NAME_911
912,USER_NAME_912
913,USER_NAME_913
914,USER_NAME_914
915,USER_NAME_915
916,USER_NAME_916
917,USER_NAME_917
918,USER_NAME_918
919,USER_NAME_919
920,USER_NAME_920
921,USER_NAME_921
922,USER_NAME_922
923,USER_NAME_923
924,USER_NAME_924
925,USER_NAME_925
926,USER_NAME_926
927,USER_NAME_927
928,USER_NAME_928
929,USER_NAME_929
930,USER_NAME_930
931,USER_NAME_931
932,USER_NAME_932
933,USER_NAME_933
934,USER_NAME_934
935,USER_NAME_935
936,USER_NAME_936
937,USER_NAME_937
938,USER_NAME_938
939,USER_NAME_939
940,USER_NAME_940
941,USER_NAME_941
942,USER_NAME_942
943,USER_NAME_943
944,USER_NAME_944
945,USER_NAME_945
946,USER_NAME_946
947,USER_NAME_947
948,USER_NAME_948
949,USER_NAME_949
950,USER_NAME_950
951,USER_NAME_951
952,USER_NAME_952
953,USER_NAME_953
954,USER_NAME_954
955,USER_NAME_955
956,USER_NAME_956
957,USER_NAME_957
958,USER_NAME_958
959,USER_NAME_959
960,USER_NAME_960
961,USER_NAME_961
962,USER_NAME_962
963,USER_NAME_963
964,USER_NAME_964
965,USER_NAME_965
966,USER_NAME_966
967,USER_NAME_967
968,USER_NAME_968
969,USER_NAME_969
970,USER_NAME_970
971,USER_NAME_971
972,USER_NAME_972
973,USER_NAME_973
974,USER_NAME_974
975,USER_NAME_975
976,USER_NAME_976
977,USER_NAME_977
978,USER_NAME_978
979,USER_NAME_979
980,USER_NAME_980
981,USER_NAME_981
982,USER_NAME_982
983,USER_NAME_983
984,USER_NAME_984
985,USER_NAME_985
986,USER_NAME_986
987,USER_NAME_987
988,USER_NAME_988
989,USER_NAME_989
990,USER_NAME_990
991,USER_NAME_991
992,USER_NAME_992
993,USER_NAME_993
994,USER_NAME_994
995,USER_NAME_995
996,USER_NAME_996
997,USER_NAME_997
998,USER_NAME_998
999,USER_NAME_999
1000,USER_NAME_1000
